0,6bmr_3_178
1,4pa0_6_917
2,5m0e_1_313
3,6d20_1_628
4,1w0f_2_536
5,4tsx_3_572
6,3njq_1_381
7,2qmx_4_623
8,1q5o_4_945
9,2y0p_2_655
10,5klp_3_391
11,3ho8_13_434
12,2r1r_2_65
13,2zmf_11_14
14,2zmf_9_743
15,4i1r_2_140
16,2q8m_7_584
17,2i7n_4_5
18,6bmr_6_705
19,5k5m_6_498
20,4avc_11_423
21,4uuu_4_118
22,6czm_19_717
23,5vew_2_930
24,4wf2_2_737
25,1kfl_30_219
26,6c1r_6_389
27,3nwy_11_824
28,5cns_10_776
29,2him_7_627
30,3h7w_2_486
31,5n69_16_285
32,3vq8_3_339
33,1q5o_1_731
34,1q5o_6_37
35,2him_1_331
36,4xnv_4_552
37,4avc_10_204
38,3mwb_6_589
39,2ldb_10_255
40,3tw6_9_909
41,1shj_2_138
42,2zmf_4_448
43,1um8_3_545
44,4ahs_2_695
45,4zht_18_13
46,2o8b_14_343
47,1ce8_10_369
48,3ho8_12_48
49,1shj_6_387
50,4w9n_5_811
51,3i54_3_663
52,1shj_4_561
53,5ee7_3_325
54,3qel_9_494
55,5gri_4_726
56,4zhx_5_198
57,6czm_5_768
58,4uuu_3_735
59,1kfl_7_540
60,4w9n_1_683
61,3e3n_2_634
62,3qel_8_668
63,5h8q_1_346
64,3e3n_6_106
65,3kcg_2_763
66,4zht_14_758
67,2i7n_8_546
68,3qel_4_941
69,1kfl_18_92
70,4zlo_2_784
71,4zht_4_231
72,1xjf_2_937
73,2i7n_1_297
74,3o96_3_560
75,4zht_1_533
76,3hnc_2_490
77,3tw6_10_332
78,3f9n_2_501
79,1xmv_2_85
80,4lrl_2_69
81,1xjf_6_820
82,1peq_2_328
83,4zht_16_409
84,6mo0_1_785
85,5gri_2_788
86,1q5o_2_951
87,5ue4_1_235
88,4zhx_3_296
89,5vew_3_89
90,1q5o_5_365
91,2i7n_6_745
92,3kcg_6_504
93,3irh_2_862
94,2him_4_764
95,4zht_20_796
96,2bu6_1_944
97,5k5m_2_66
98,5h08_1_558
99,3l76_2_186
100,3i54_1_953
101,6czm_2_797
102,2zmf_7_574
103,3l76_6_906
104,2q8m_4_26
105,6qzh_5_445
106,3irh_6_548
107,3f6g_2_639
108,3kcg_5_412
109,4avc_5_366
110,4zht_9_446
111,2o8b_3_711
112,4zht_23_616
113,3mks_9_555
114,3pma_1_345
115,3mks_1_782
116,2zmf_1_174
117,1q5o_3_752
118,4zlo_1_230
119,2be9_3_831
120,2y0p_4_594
121,5ded_7_150
122,4zhx_6_480
123,5kw2_1_294
124,5klp_8_451
125,2i7n_7_121
126,4e6c_1_772
127,3c1n_11_291
128,2i7n_2_759
129,1i1q_3_435
130,5tc3_1_898
131,1dku_3_902
132,3mks_2_220
133,4zht_12_102
134,3mks_8_470
135,3h6o_8_744
136,2vgb_4_511
137,3qel_10_631
138,2qmx_2_196
139,1um8_2_920
140,1njj_4_279
141,6czm_17_53
142,4xnv_3_614
143,1kfl_27_376
144,4ebw_1_674
145,2y0p_1_919
146,6czm_9_266
147,4jkt_5_720
148,4jkt_2_793
149,2vd3_2_127
150,5klp_2_876
151,3vq8_5_644
152,3i54_5_830
153,4avc_4_18
154,6iik_7_418
155,3csm_2_149
156,5oi8_4_718
157,6czm_11_489
158,5ftj_6_172
159,5jjs_2_310
160,4nyf_4_593
161,4eaj_3_28
162,4jkt_9_251
163,5fii_2_517
164,3vq8_2_697
165,4c7b_1_734
166,5k5m_4_359
167,5ofu_6_492
168,5kgw_4_402
169,6c1r_1_880
170,2q8m_13_609
171,1shj_7_15
172,2puv_6_884
173,6iik_3_438
174,5ee7_5_247
175,4ojr_2_629
176,2puv_3_926
177,3zcw_1_837
178,1i7s_6_809
179,5kkn_2_234
180,6ncj_2_814
181,4cyd_4_11
182,4tsx_4_295
183,2ieg_6_828
184,6czm_15_751
185,5k5m_1_335
186,3o96_2_163
187,3tho_4_630
188,5u5t_3_653
189,2q8m_9_259
190,2puv_2_947
191,3nwy_12_834
192,5gri_1_878
193,3irh_8_861
194,6c1r_2_103
195,4dqw_2_578
196,1njj_5_322
197,2q8m_1_40
198,3o96_1_612
199,4oo9_2_934
200,5ee7_2_929
201,3o96_4_17
202,5kw2_3_678
203,5ehr_2_601
204,1i7s_3_128
205,4lrl_4_913
206,5l7i_3_822
207,4w9n_3_194
208,4coj_1_525
209,1q5o_7_518
210,4w9n_7_484
211,3zou_3_424
212,2i7p_1_80
213,3c1n_12_340
214,4coj_5_935
215,5k5m_3_542
216,1kfl_24_466
217,6bmr_2_315
218,5n69_5_610
219,5l7i_5_615
220,3h6o_3_513
221,1i7s_5_275
222,5m05_3_182
223,3uo9_3_563
224,4xz2_11_559
225,2him_6_354
226,5klp_7_688
227,5ofu_5_938
228,5i56_2_825
229,3uo9_7_802
230,4xz2_7_292
231,3njq_3_703
232,5t1a_2_244
233,3nwy_8_567
234,6bmr_5_553
235,2o8b_15_672
236,3k5v_1_698
237,5klp_4_471
238,2ieg_7_721
239,1kz8_3_522
240,2jjk_5_455
241,4jkt_6_281
242,5ofu_1_707
243,3nwy_1_568
244,4mra_2_226
245,4mbs_2_353
246,3kcg_1_847
247,4a7w_3_829
248,3ifa_4_843
249,5klp_6_819
250,4jkt_13_175
251,1em6_2_534
252,2q8m_3_90
253,3n25_3_818
254,3ceh_5_81
255,4xz2_8_229
256,2o8b_12_606
257,3bcr_2_652
258,4xz2_1_250
259,1a3w_6_859
260,5l7i_4_414
261,3ifa_1_60
262,3n25_6_844
263,5x14_1_514
264,5m0e_3_770
265,3zou_2_338
266,4i1r_3_596
267,2i7p_5_769
268,5npk_2_599
269,6czm_14_8
270,2v4y_3_461
271,3nwy_3_384
272,5npk_5_910
273,5ee7_1_137
274,3zou_5_781
275,5kgw_2_271
276,3pma_2_505
277,5oi8_2_835
278,4zhx_7_241
279,5lwe_1_433
280,2v4y_8_375
281,2ldb_13_52
282,3bz7_1_10
283,6d20_3_696
284,4oo9_1_853
285,2o8b_10_342
286,4bqh_1_592
287,4nyf_2_666
288,2v4y_6_722
289,6fba_4_49
290,6fba_2_890
291,5vew_1_742
292,4coj_4_287
293,2o8b_5_684
294,4yw8_2_425
295,4zhx_9_2
296,6c1r_5_252
297,3pma_3_184
298,5tcj_5_931
299,5im3_4_936
300,1b4b_2_442
301,5ehr_5_882
302,1xxa_4_72
303,5tc3_6_761
304,5lwe_2_83
305,6bmr_4_516
306,6czm_3_633
307,2oz6_1_398
308,5n69_9_71
309,5tcj_2_924
310,1xxa_2_766
311,5ehr_4_925
312,4p86_3_256
313,5ee7_6_45
314,1xxa_3_185
315,3kcg_4_253
316,5n69_13_575
317,1dku_5_686
318,3mwb_4_212
319,3irh_4_408
320,3pma_4_754
321,2be9_1_216
322,2bxa_1_105
323,4p86_5_208
324,3mks_3_673
325,3ifa_5_378
326,4p86_1_940
327,3c1n_9_192
328,5n69_7_604
329,5l7i_2_372
330,4zhx_4_709
331,3ifa_2_440
332,4xz2_2_158
333,4avc_7_157
334,5fii_1_626
335,3ho8_23_57
336,2zfz_1_113
337,5v03_2_170
338,3c1n_3_131
339,3ho8_2_176
340,1of6_5_264
341,2p5m_2_207
342,2zfz_4_676
343,3c1n_6_396
344,4mqt_2_426
345,6n48_2_702
346,4bqh_3_767
347,1njj_10_181
348,3ho8_17_475
349,4ojr_1_723
350,4qsh_9_334
351,5ehr_1_413
352,3vq8_1_210
353,5we8_1_263
354,2p5m_1_152
355,3l3v_3_581
356,5hud_9_293
357,4nyf_1_469
358,3c1n_1_392
359,1a3w_5_311
360,2o8b_16_64
361,4e6c_2_46
362,5w6y_2_729
363,5hud_7_190
364,2q8m_12_146
365,3mwb_8_211
366,3ho8_5_324
367,6iik_4_786
368,6ncj_1_704
369,5n69_12_421
370,6qzh_2_641
371,3f6g_1_100
372,5j6f_2_622
373,3l3v_1_888
374,3f6g_3_238
375,5n69_6_866
376,6c1r_4_730
377,1kfl_9_239
378,4pa0_5_554
379,3zcw_3_267
380,4xnv_2_3
381,4nyf_3_86
382,4etz_1_840
383,4ks0_1_733
384,3mks_12_741
385,5w5r_3_565
386,4phu_2_477
387,3h7w_1_881
388,3rz3_1_227
389,2i7p_2_355
390,3mks_5_869
391,6iik_2_59
392,4hyw_2_485
393,2zmf_2_169
394,2a69_6_309
395,3mwb_5_209
396,5h8q_3_619
397,4bo2_1_213
398,1i7s_4_283
399,4eaj_4_35
400,5i56_1_899
401,4bo2_5_459
402,4bo2_7_846
403,1of6_1_658
404,1pcq_17_400
405,2qmx_5_22
406,5l6v_4_632
407,5w5r_1_16
408,4tvg_2_491
409,4ej8_1_813
410,1i1q_2_344
411,4eaj_1_549
412,2o8b_9_946
413,3o96_5_789
414,4p86_6_640
415,5dsg_3_361
416,5ugh_4_404
417,4zlo_3_288
418,4p86_2_193
419,5ugh_1_662
420,3l76_5_499
421,5mo4_2_123
422,1um8_1_289
423,4or2_4_67
424,3l76_7_691
425,1kfl_29_206
426,3njq_2_716
427,4k5y_1_77
428,5u5t_2_587
429,5ndd_3_577
430,2ldb_8_566
431,4nbn_2_661
432,4or2_2_33
433,5kw2_2_319
434,2o8b_2_143
435,3h6o_11_706
436,4yb5_1_520
437,4or2_5_664
438,3h6o_1_166
439,6d20_2_607
440,4yb5_7_145
441,3nwy_2_330
442,4k5y_3_856
443,3d2p_5_188
444,4uuu_2_350
445,1xjf_4_450
446,4phu_1_933
447,3h6o_5_399
448,4b2d_2_168
449,5w6y_3_682
450,5k5m_5_160
451,3n25_2_681
452,2ldb_15_497
453,5vew_5_148
454,3kcg_3_877
455,3lw0_1_613
456,6c1r_3_645
457,6boj_2_778
458,5mfq_1_156
459,3zcw_2_724
460,4xnv_1_274
461,6iik_1_449
462,3mks_7_643
463,1njj_8_119
464,3uo9_4_228
465,4ebw_2_618
466,11bg_1_257
467,4eaj_5_750
468,5n69_1_374
469,2rd5_3_667
470,4zhx_2_883
471,3i0r_3_949
472,2bu6_3_872
473,2bu7_2_515
474,5npk_1_116
475,5ugh_5_386
476,4i1r_1_70
477,1njj_3_456
478,4tpt_2_812
479,5f1v_2_507
480,4i7w_2_407
481,4ahs_3_422
482,4grs_5_845
483,2bu6_2_850
484,6mo0_2_886
485,1shj_1_895
486,4bqh_4_506
487,1shj_5_680
488,2qmx_7_183
489,4p9d_4_54
490,3bz7_2_692
491,4qsh_1_810
492,4p9d_3_29
493,1of6_4_848
494,4qsh_4_457
495,4grs_3_351
496,4nbn_3_556
497,3tho_3_712
498,5ugh_3_508
499,5mfq_2_25
500,5ee7_4_478
501,1qw7_3_74
502,4qsh_7_132
503,5i56_3_479
504,5d41_2_36
505,4dqw_3_88
506,2d5x_1_165
507,2d5z_1_73
508,5f91_7_320
509,4bo2_2_621
510,4bo2_6_327
511,1a3w_2_6
512,5f91_3_815
513,5t1a_1_39
514,3tw6_1_429
515,1f2u_2_927
516,2d5z_2_111
517,2hvw_2_526
518,2hvw_1_908
519,3ho8_15_321
520,4kh1_2_20
521,4eo6_1_854
522,3g86_1_444
523,1f2u_3_636
524,4tpt_1_261
525,3phe_1_383
526,5h08_2_775
527,3mww_1_467
528,1f2u_1_347
529,4nbn_1_240
530,4cyd_3_857
531,5n69_10_495
532,4xz2_12_410
533,4qpl_1_583
534,4xz2_5_790
535,1xmv_1_284
536,2vpr_1_714
537,3e3n_4_753
538,4ruk_1_708
539,4ruk_2_436
540,5ded_8_642
541,5n69_4_833
542,5x7d_2_114
543,4k5y_2_950
544,4i7w_3_611
545,5d41_1_576
546,4oo9_3_795
547,5t1a_3_130
548,5f1v_7_189
549,5d41_3_458
550,5f1v_5_509
551,4zhx_1_817
552,6czm_8_952
553,4w9n_6_44
554,5os5_1_808
555,5f1v_3_367
556,2bu7_1_747
557,3zou_4_777
558,1h78_1_871
559,4bzb_3_162
560,3tho_2_38
561,3zou_1_912
562,3nwy_13_47
563,4zsi_1_397
564,2v4y_5_382
565,5m05_1_164
566,2v4y_9_918
567,5ack_1_839
568,4r87_3_570
569,3l76_4_141
570,3nwy_6_232
571,5urj_1_453
572,4jne_2_588
573,4r87_1_481
574,3dba_1_943
575,5kkn_1_430
576,2v4y_7_804
577,4a7w_2_774
578,4w9n_2_600
579,5kkn_3_7
580,3l76_8_265
581,4p02_3_0
582,5tcj_1_415
583,4bqh_2_648
584,4yb5_8_779
585,6bpl_2_27
586,4yb5_2_262
587,1nh8_1_928
588,2o8b_8_787
589,5n69_3_939
590,1dku_1_55
591,3tho_1_472
592,3ifa_3_582
593,3kgf_3_896
594,4grs_4_679
595,1qw7_2_738
596,4mqt_1_783
597,3qel_3_942
598,4pa0_2_547
599,3la3_1_948
600,2ieg_1_460
601,4r8h_1_605
602,2ieg_5_864
603,3ho8_3_95
604,5x7d_1_75
605,6fba_5_87
606,5u5t_1_638
607,4n9i_1_112
608,4pa0_1_860
609,5afj_1_656
610,5afj_3_1
611,5oug_2_417
612,4an2_1_669
613,4mbs_1_258
614,2o8b_11_905
615,6boj_1_218
616,5afn_2_51
617,3tw6_6_4
618,4pa0_4_665
619,4kko_2_373
620,3i0r_2_792
621,5ndd_2_142
622,4ig3_2_527
623,4coj_7_24
624,4ppu_1_41
625,2i7p_3_109
626,4pa0_3_306
627,1xtu_3_99
628,3c1n_13_352
629,4nld_1_333
630,3csm_3_115
631,3c1n_2_431
632,2be9_2_521
633,3e5u_1_202
634,2hai_1_30
635,4c7b_2_771
636,4dqw_4_654
637,3r6s_1_757
638,3mks_4_368
639,3uo9_5_608
640,1em6_1_437
641,2a69_2_224
642,3mks_11_268
643,3uo9_9_393
644,1z8d_3_362
645,2nw8_2_879
646,6cgn_1_551
647,3ceh_1_303
648,1em6_4_700
649,2vvt_1_800
650,1jlr_3_96
651,2i7n_5_725
652,5lrs_1_403
653,2v4y_1_855
654,1w0f_1_401
655,5gri_3_380
656,3ek5_3_91
657,4mra_1_260
658,3ho8_6_254
659,3bcr_1_739
660,3qel_7_762
661,3e3n_1_519
662,5w6y_1_528
663,2qpy_1_159
664,3kgf_2_870
665,2a69_4_222
666,6fba_3_463
667,3ho8_4_447
668,4oyz_1_603
669,2him_5_532
670,1of6_2_803
671,5h8q_2_420
672,2jfz_1_598
673,5n69_11_370
674,2fpl_1_807
675,2him_11_544
676,4bbg_1_336
677,2puv_7_650
678,3lsf_1_904
679,2puv_1_476
680,3rnn_1_496
681,6c99_1_836
682,4coj_6_205
683,1kz8_2_657
684,2nw8_1_108
685,4coj_2_915
686,5ofu_2_318
687,1em6_7_406
688,5jjs_3_482
689,3hnc_1_530
690,4umx_2_465
691,1xjf_7_543
692,1ne7_1_649
693,1lvw_4_316
694,2rd5_1_591
695,2bty_1_237
696,4qqn_1_512
697,1xjf_3_305
698,3l76_3_719
699,5l7i_1_838
700,4jkt_7_388
701,3zzh_3_153
702,1mp3_1_390
703,2vd3_1_195
704,3zzh_2_503
705,1h5s_3_780
706,1h5s_1_537
707,3hnc_4_120
708,3zzh_1_841
709,1lvw_2_823
710,1g3l_1_569
711,2ats_1_827
712,4yb5_4_573
713,1lvw_1_916
714,5im3_5_791
715,5f91_8_891
716,5f91_2_932
717,2bu8_1_539
718,3dd1_4_727
719,3c1n_5_617
720,6czm_12_868
721,3c1n_8_557
722,4pfk_1_892
723,6czm_10_323
724,3d2p_4_510
725,5f91_6_713
726,2c2b_2_272
727,4fyy_1_500
728,2puv_5_473
729,4f8h_1_154
730,5hcj_4_337
731,4bzb_4_245
732,5dou_3_900
733,5w5r_4_419
734,5w5r_2_874
735,1pfk_1_171
736,1ce8_3_82
737,3h6o_10_531
738,5m0e_2_270
739,1efa_3_122
740,3h6o_4_699
741,4g8o_1_139
742,5nqb_3_180
743,4grs_1_191
744,5w3x_1_395
745,1zds_1_101
746,1zds_2_110
747,3hnc_5_242
748,2vgb_5_524
749,5vdh_3_197
750,3pg9_2_9
751,6czm_1_326
752,5cns_5_590
753,3n25_4_32
754,5cns_11_462
755,3n25_7_660
756,5cns_7_541
757,6czm_13_43
758,5vdh_4_125
759,5vdh_2_304
760,4uc5_2_161
761,5in4_6_732
762,4jkt_10_427
763,4jkt_3_76
764,5j6f_1_535
765,2puv_4_586
766,3tw6_3_659
767,1h78_2_173
768,3bcr_3_147
769,2j0x_2_651
770,3tw6_5_602
771,3kgf_5_358
772,5dou_5_63
773,3irh_7_689
774,5tc3_2_428
775,3irh_3_221
776,4dqw_1_889
777,4ks0_2_312
778,6n48_1_748
779,3dc2_2_151
780,1ce8_4_278
781,3e3n_3_439
782,5olk_2_394
783,2o8b_6_529
784,5olk_3_690
785,4yw8_1_493
786,5olk_1_97
787,2jc9_1_329
788,5jjs_1_214
789,3h6o_6_595
790,5tc3_8_452
791,3uo9_11_282
792,3uo9_1_308
793,5im3_1_273
794,4umx_1_523
795,4ja8_1_562
796,6bky_1_215
797,1z8d_4_887
798,5l6v_3_134
799,5l6v_2_155
800,5l6v_1_56
801,3irh_1_736
802,4jaf_1_801
803,4lrl_7_58
804,4lrl_1_624
805,4jne_1_357
806,5hud_2_454
807,5hud_6_200
808,2j0x_1_179
809,5f91_5_799
810,1w25_1_922
811,4lrl_6_177
812,5im3_2_677
813,2cdq_1_852
814,5wsb_1_487
815,1i7s_7_687
816,4p02_2_19
817,5npk_6_233
818,5jwc_1_746
819,3eps_1_377
820,3ete_1_129
821,4hyw_1_816
822,3etg_1_248
823,1hwy_1_107
824,3tw6_2_826
825,2ieg_4_474
826,1i1q_1_897
827,2vgb_1_464
828,4g1n_3_124
829,3n25_1_625
830,1w96_1_126
831,4xz2_10_405
832,4xz2_3_50
833,3dc2_1_277
834,3i0r_1_637
835,1gz3_2_371
836,4kko_1_68
837,3s87_1_502
838,4ig3_1_23
839,3dd1_3_302
840,1m8p_2_21
841,6bpl_1_299
842,5m18_1_246
843,4cjn_1_923
844,5ftj_11_84
845,1fiy_1_794
846,5dou_6_954
847,1ce8_5_93
848,4p02_1_223
849,5cns_1_243
850,2r1r_1_249
851,2y0p_3_805
852,4qsh_2_276
853,4qsh_11_301
854,4qsh_5_78
855,4qsh_8_117
856,5dou_1_715
857,2a69_3_571
858,2a69_5_133
859,5urj_2_564
